{
  "accuracy": 0.9927007555961609,
  "loss": 0.05697904899716377,
  "val_accuracy": 0.6385642886161804,
  "val_loss": 1.501342535018921,
  "epoch": 33,
  "global_step": 5100
}