{
  "accuracy": 0.6483837366104126,
  "loss": 1.2695409059524536,
  "val_accuracy": 0.5375626087188721,
  "val_loss": 2.0503203868865967,
  "epoch": 9,
  "global_step": 1500
}