{
  "accuracy": 0.21021898090839386,
  "loss": 3.4846043586730957,
  "val_accuracy": 0.2195325493812561,
  "val_loss": 3.4526216983795166,
  "epoch": 3,
  "global_step": 600
}