{
  "accuracy": 1.0,
  "loss": 0.0002286148810526356,
  "val_accuracy": 0.6577629446983337,
  "val_loss": 2.470216989517212,
  "epoch": 199,
  "global_step": 30000
}